timestamp,temperature,humidity,pressure
2020-01-01 03:00:00,1.1,95,1024.7
2020-01-01 06:00:00,10.8,77,1025.1
2020-01-01 09:00:00,17.0,52,1022.3
2020-01-01 12:00:00,15.0,68,1022.5
2020-01-02 03:00:00,5.4,94,1024.7
2020-01-02 06:00:00,16.2,58,1024.0
2020-01-02 09:00:00,19.6,47,1021.0
2020-01-02 12:00:00,15.8,67,1020.6
2020-01-03 03:00:00,8.4,97,1021.1
2020-01-03 06:00:00,17.4,56,1020.4
2020-01-03 09:00:00,20.0,40,1017.2
2020-01-03 12:00:00,17.4,56,1017.1
2020-01-04 03:00:00,6.4,91,1019.8
2020-01-04 06:00:00,16.0,59,1020.0
2020-01-04 09:00:00,18.8,39,1016.3
2020-01-04 12:00:00,16.0,56,1016.7
2020-01-05 03:00:00,8.0,94,1019.3
2020-01-05 06:00:00,17.2,50,1019.1
2020-01-05 09:00:00,17.6,46,1017.7
2020-01-05 12:00:00,15.4,65,1018.6
2020-01-06 03:00:00,11.0,88,1021.0
2020-01-06 06:00:00,12.6,79,1021.3
2020-01-06 09:00:00,12.0,85,1020.0
2020-01-06 12:00:00,10.2,97,1019.9
2020-01-07 03:00:00,10.8,100,1019.4
2020-01-07 06:00:00,13.0,93,1019.0
2020-01-07 09:00:00,13.0,96,1016.5
2020-01-07 12:00:00,13.0,96,1015.4
2020-01-08 03:00:00,11.8,100,1016.4
2020-01-08 06:00:00,12.4,93,1016.7
2020-01-08 09:00:00,13.0,84,1015.3
2020-01-08 12:00:00,11.6,83,1015.9
2020-01-09 03:00:00,7.8,100,1020.0
2020-01-09 06:00:00,11.0,88,1022.2
2020-01-09 09:00:00,13.6,69,1020.1
2020-01-09 12:00:00,12.6,70,1020.6
2020-01-10 03:00:00,6.6,94,1021.9
2020-01-10 06:00:00,13.8,56,1021.8
2020-01-10 09:00:00,17.0,43,1019.8
2020-01-10 12:00:00,14.2,55,1019.3
2020-01-11 03:00:00,7.8,86,1020.5
2020-01-11 06:00:00,15.4,46,1021.3
2020-01-11 09:00:00,18.6,38,1018.2
2020-01-12 03:00:00,10.0,87,1018.3
2020-01-12 06:00:00,15.8,59,1018.1
2020-01-12 12:00:00,14.8,76,1014.6
2020-01-13 03:00:00,11.4,92,1011.1
2020-01-13 06:00:00,14.2,78,1010.7
2020-01-13 09:00:00,12.6,96,1009.2
2020-01-13 12:00:00,12.8,96,1010.6
2020-01-14 03:00:00,8.8,97,1017.8
2020-01-14 06:00:00,12.2,83,1018.8
2020-01-14 09:00:00,15.4,66,1015.7
2020-01-14 12:00:00,13.8,73,1015.7
2020-01-15 03:00:00,7.8,97,1018.8
2020-01-15 06:00:00,11.2,85,1019.8
2020-01-15 09:00:00,14.4,76,1017.4
2020-01-15 12:00:00,12.0,90,1017.0
2020-01-16 03:00:00,7.8,100,1017.9
2020-01-16 06:00:00,9.6,97,1018.4
2020-01-16 09:00:00,11.8,88,1016.1
2020-01-16 12:00:00,10.8,92,1015.7
2020-01-17 03:00:00,9.8,100,1018.4
2020-01-17 06:00:00,14.0,78,1018.5
2020-01-17 09:00:00,15.2,73,1016.4
2020-01-17 12:00:00,14.8,76,1016.5
2020-01-18 03:00:00,10.2,97,1020.2
2020-01-18 06:00:00,12.8,79,1021.8
2020-01-18 09:00:00,15.0,76,1018.6
2020-01-18 12:00:00,13.5,79,1018.2
2020-01-19 03:00:00,7.6,100,1021.1
2020-01-19 06:00:00,14.2,61,1021.7
2020-01-19 09:00:00,18.2,52,1018.8
2020-01-19 12:00:00,16.2,56,1017.8
2020-01-20 03:00:00,9.2,95,1019.1
2020-01-20 06:00:00,16.0,47,1019.1
2020-01-20 09:00:00,18.8,30,1016.9
2020-01-20 12:00:00,16.2,56,1016.9
2020-01-21 03:00:00,12.0,81,1020.1
2020-01-21 06:00:00,16.8,59,1020.6
2020-01-21 09:00:00,19.6,46,1018.3
2020-01-21 12:00:00,16.2,68,1018.7
2020-01-22 03:00:00,9.8,87,1023.2
2020-01-22 06:00:00,17.2,50,1023.2
2020-01-22 09:00:00,20.0,40,1020.5
2020-01-22 12:00:00,17.0,52,1019.7
2020-01-23 03:00:00,9.8,77,1021.1
2020-01-23 06:00:00,15.2,49,1021.9
2020-01-23 09:00:00,17.6,41,1019.1
2020-01-23 12:00:00,15.2,49,1017.8
2020-01-24 03:00:00,8.0,83,1018.3
2020-01-24 06:00:00,15.8,48,1017.7
2020-01-24 09:00:00,19.8,34,1014.6
2020-01-24 12:00:00,17.0,41,1014.8
2020-01-25 03:00:00,7.0,91,1018.8
2020-01-25 06:00:00,15.0,58,1018.7
2020-01-25 09:00:00,19.6,42,1015.3
2020-01-25 12:00:00,16.0,69,1015.3
2020-01-26 03:00:00,6.8,100,1017.9
2020-01-26 06:00:00,12.2,93,1017.4
2020-01-26 09:00:00,20.0,46,1014.8
2020-01-26 12:00:00,16.8,68,1013.5
2020-01-27 03:00:00,8.8,92,1014.9
2020-01-27 06:00:00,15.0,76,1014.7
2020-01-27 09:00:00,14.8,84,1012.8
2020-01-27 12:00:00,13.6,91,1011.9
2020-01-28 03:00:00,12.2,93,1011.1
2020-01-28 06:00:00,15.2,76,1011.7
2020-01-28 09:00:00,17.2,76,1009.0
2020-01-28 12:00:00,15.6,75,1009.3
2020-01-29 03:00:00,10.6,95,1018.4
2020-01-29 06:00:00,16.0,71,1020.0
2020-01-29 09:00:00,17.8,62,1018.1
2020-01-29 12:00:00,17.4,59,1017.6
2020-01-30 03:00:00,10.8,90,1020.0
2020-01-30 06:00:00,16.4,62,1020.5
2020-01-30 09:00:00,18.0,50,1018.0
2020-01-30 12:00:00,15.8,61,1017.3
2020-01-31 03:00:00,7.0,100,1017.3
2020-01-31 06:00:00,13.4,79,1017.5
2020-01-31 09:00:00,15.8,67,1014.7
2020-01-31 12:00:00,15.0,68,1014.2
2020-02-01 03:00:00,5.0,100,1020.3
2020-02-01 06:00:00,11.2,92,1021.4
2020-02-01 09:00:00,16.2,60,1019.5
2020-02-01 12:00:00,15.0,66,1019.7
2020-02-02 03:00:00,5.0,97,1022.5
2020-02-02 06:00:00,15.8,65,1021.9
2020-02-02 12:00:00,16.2,54,1018.6
2020-02-03 03:00:00,5.6,97,1021.1
2020-02-03 06:00:00,15.6,69,1020.5
2020-02-03 09:00:00,19.2,39,1017.5
2020-02-03 12:00:00,18.0,50,1016.5
2020-02-04 03:00:00,5.4,94,1019.2
2020-02-04 06:00:00,15.2,66,1019.3
2020-02-04 09:00:00,18.2,48,1017.1
2020-02-04 12:00:00,15.4,57,1017.8
2020-02-05 03:00:00,11.0,88,1019.9
2020-02-05 06:00:00,15.2,66,1019.9
2020-02-05 09:00:00,18.6,41,1016.6
2020-02-05 12:00:00,16.8,53,1016.4
2020-02-06 03:00:00,7.8,89,1017.8
2020-02-06 06:00:00,16.2,56,1017.6
2020-02-06 12:00:00,16.8,50,1015.4
2020-02-07 03:00:00,7.0,94,1021.5
2020-02-07 06:00:00,16.0,63,1021.6
2020-02-07 09:00:00,18.2,43,1019.4
2020-02-07 12:00:00,17.0,50,1019.2
2020-02-08 03:00:00,7.6,94,1022.4
2020-02-08 06:00:00,17.6,48,1023.5
2020-02-08 09:00:00,20.0,38,1020.9
2020-02-08 12:00:00,18.4,36,1020.7
2020-02-09 03:00:00,6.4,94,1023.9
2020-02-09 06:00:00,17.8,62,1023.5
2020-02-09 09:00:00,20.2,44,1020.7
2020-02-09 12:00:00,17.6,54,1020.3
2020-02-10 03:00:00,9.0,95,1021.0
2020-02-10 06:00:00,18.0,50,1020.7
2020-02-10 09:00:00,20.0,36,1018.8
2020-02-10 12:00:00,18.0,55,1018.4
2020-02-11 03:00:00,7.8,97,1020.7
2020-02-11 06:00:00,18.0,55,1021.7
2020-02-11 09:00:00,21.2,38,1019.0
2020-02-11 12:00:00,19.2,47,1018.6
2020-02-12 03:00:00,13.8,87,1020.9
2020-02-12 06:00:00,20.2,46,1020.9
2020-02-12 09:00:00,22.6,43,1018.4
2020-02-12 12:00:00,21.2,46,1017.0
2020-02-13 03:00:00,13.4,82,1018.4
2020-02-13 06:00:00,21.8,47,1017.5
2020-02-13 09:00:00,25.2,50,1014.6
2020-02-13 12:00:00,22.2,54,1013.8
2020-02-14 03:00:00,14.4,74,1014.4
2020-02-14 06:00:00,20.0,54,1014.5
2020-02-14 09:00:00,23.4,36,1012.1
2020-02-14 12:00:00,21.0,45,1011.7
2020-02-15 03:00:00,12.8,62,1013.5
2020-02-15 06:00:00,19.2,45,1014.3
2020-02-15 09:00:00,24.0,37,1012.6
2020-02-15 12:00:00,21.8,39,1012.7
2020-02-16 03:00:00,11.6,81,1017.5
2020-02-16 06:00:00,23.0,29,1017.6
2020-02-16 09:00:00,25.8,14,1015.6
2020-02-16 12:00:00,24.4,31,1015.4
2020-02-17 03:00:00,13.8,87,1019.6
2020-02-17 06:00:00,22.2,36,1019.3
2020-02-17 09:00:00,25.0,21,1016.6
2020-02-17 12:00:00,22.6,36,1015.7
2020-02-18 03:00:00,12.0,76,1016.2
2020-02-18 06:00:00,22.4,26,1015.5
2020-02-18 09:00:00,26.0,17,1013.1
2020-02-18 12:00:00,24.0,26,1011.3
2020-02-19 03:00:00,11.4,90,1013.8
2020-02-19 06:00:00,17.8,71,1014.4
2020-02-19 09:00:00,21.4,50,1011.0
2020-02-19 12:00:00,21.8,50,1010.4
2020-02-20 03:00:00,17.4,69,1014.2
2020-02-20 06:00:00,22.6,48,1013.6
2020-02-20 09:00:00,22.6,52,1011.1
2020-02-20 12:00:00,20.6,55,1010.6
2020-02-21 03:00:00,15.0,76,1018.3
2020-02-21 06:00:00,18.8,65,1020.2
2020-02-21 09:00:00,21.4,56,1018.5
2020-02-21 12:00:00,20.6,60,1018.6
2020-02-22 03:00:00,15.0,81,1023.4
2020-02-22 06:00:00,21.8,53,1023.4
2020-02-22 09:00:00,23.8,44,1020.2
2020-02-22 12:00:00,21.6,53,1018.9
2020-02-23 03:00:00,15.6,91,1020.6
2020-02-23 06:00:00,22.2,55,1020.7
2020-02-23 09:00:00,25.0,42,1017.3
2020-02-23 12:00:00,22.6,52,1016.5
2020-02-24 03:00:00,14.2,78,1017.3
2020-02-24 06:00:00,21.4,56,1016.7
2020-02-24 09:00:00,24.6,41,1014.3
2020-02-24 12:00:00,22.8,54,1012.9
2020-02-25 03:00:00,15.6,87,1015.4
2020-02-25 06:00:00,22.2,60,1015.3
2020-02-25 09:00:00,24.0,54,1012.7
2020-02-25 12:00:00,22.8,62,1012.2
2020-02-26 03:00:00,15.0,85,1015.6
2020-02-26 06:00:00,21.4,64,1015.4
2020-02-26 09:00:00,24.4,59,1012.7
2020-02-26 12:00:00,23.8,66,1012.5
2020-02-27 03:00:00,15.0,98,1016.9
2020-02-27 06:00:00,18.8,83,1017.1
2020-02-27 09:00:00,23.6,64,1013.7
2020-02-27 12:00:00,22.6,69,1012.8
2020-02-28 03:00:00,15.8,94,1015.0
2020-02-28 06:00:00,21.2,73,1014.1
2020-02-28 09:00:00,23.6,64,1012.5
2020-02-28 12:00:00,22.2,71,1011.5
2020-02-29 03:00:00,17.2,88,1014.5
2020-02-29 06:00:00,18.8,81,1015.2
2020-02-29 09:00:00,22.0,66,1011.8
2020-02-29 12:00:00,16.2,73,1012.3
2020-03-01 03:00:00,12.8,88,1016.3
2020-03-01 06:00:00,21.6,59,1016.2
2020-03-01 09:00:00,25.0,42,1013.4
2020-03-01 12:00:00,22.8,57,1012.6
2020-03-02 03:00:00,16.0,90,1014.7
2020-03-02 06:00:00,21.8,64,1014.7
2020-03-02 09:00:00,25.0,50,1012.1
2020-03-02 12:00:00,23.0,56,1011.1
2020-03-03 03:00:00,16.0,90,1014.7
2020-03-03 06:00:00,23.6,51,1013.1
2020-03-03 09:00:00,25.2,46,1010.1
2020-03-03 12:00:00,24.6,40,1009.2
2020-03-04 03:00:00,15.4,93,1012.1
2020-03-04 06:00:00,23.6,58,1011.8
2020-03-04 09:00:00,25.8,41,1009.5
2020-03-04 12:00:00,25.2,39,1007.7
2020-03-05 03:00:00,15.0,81,1012.7
2020-03-05 06:00:00,22.0,57,1012.4
2020-03-05 12:00:00,23.2,53,1017.4
2020-03-06 03:00:00,15.6,81,1009.7
2020-03-06 06:00:00,14.8,91,1011.4
2020-03-06 09:00:00,18.0,71,1008.8
2020-03-06 12:00:00,12.8,93,1009.6
2020-03-07 03:00:00,12.4,97,1014.4
2020-03-07 06:00:00,13.8,93,1016.2
2020-03-07 09:00:00,15.6,87,1015.4
2020-03-07 12:00:00,15.6,81,1015.3
2020-03-08 03:00:00,14.2,84,1018.3
2020-03-08 06:00:00,20.2,61,1018.7
2020-03-08 09:00:00,22.4,55,1016.6
2020-03-08 12:00:00,21.4,60,1015.4
2020-03-09 03:00:00,14.6,80,1015.4
2020-03-09 06:00:00,21.2,44,1015.0
2020-03-09 09:00:00,23.6,34,1012.5
2020-03-09 12:00:00,22.2,42,1010.9
2020-03-10 03:00:00,14.8,78,1013.5
2020-03-10 06:00:00,21.8,39,1013.8
2020-03-10 09:00:00,23.6,35,1010.7
2020-03-10 12:00:00,22.0,43,1009.2
2020-03-11 03:00:00,14.2,87,1011.7
2020-03-11 06:00:00,18.8,72,1011.6
2020-03-11 12:00:00,17.2,82,1006.8
2020-03-12 03:00:00,16.0,75,1013.7
2020-03-12 06:00:00,22.0,61,1014.1
2020-03-12 09:00:00,24.0,52,1010.9
2020-03-12 12:00:00,22.2,71,1009.9
2020-03-13 03:00:00,15.2,76,1014.2
2020-03-13 06:00:00,22.6,57,1013.9
2020-03-13 09:00:00,24.4,48,1012.7
2020-03-13 12:00:00,22.2,51,1013.9
2020-03-14 03:00:00,13.0,91,1018.3
2020-03-14 06:00:00,13.0,96,1019.7
2020-03-14 09:00:00,14.0,91,1016.4
2020-03-14 12:00:00,13.0,91,1015.6
2020-03-15 03:00:00,14.0,82,1019.2
2020-03-15 06:00:00,19.0,63,1020.5
2020-03-15 09:00:00,21.8,50,1017.5
2020-03-15 12:00:00,21.4,54,1016.8
2020-03-16 03:00:00,17.4,80,1017.7
2020-03-16 06:00:00,22.4,58,1018.1
2020-03-16 09:00:00,24.0,47,1016.2
2020-03-16 12:00:00,23.8,48,1015.2
2020-03-17 03:00:00,18.2,76,1017.3
2020-03-17 06:00:00,23.6,52,1017.1
2020-03-17 09:00:00,25.8,41,1015.7
2020-03-17 12:00:00,25.0,45,1014.7
2020-03-18 03:00:00,18.8,81,1016.5
2020-03-18 06:00:00,24.8,48,1015.7
2020-03-18 09:00:00,26.6,37,1013.5
2020-03-18 12:00:00,25.6,48,1012.4
2020-03-19 03:00:00,20.4,76,1012.4
2020-03-19 06:00:00,25.6,52,1012.6
2020-03-19 09:00:00,27.4,48,1010.2
2020-03-19 12:00:00,26.6,53,1009.2
2020-03-20 03:00:00,20.0,76,1011.9
2020-03-20 06:00:00,26.0,50,1012.0
2020-03-20 09:00:00,27.6,37,1010.4
2020-03-20 12:00:00,27.2,48,1008.6
2020-03-21 03:00:00,18.6,81,1012.7
2020-03-21 06:00:00,24.6,58,1012.1
2020-03-21 09:00:00,25.6,62,1010.7
2020-03-21 12:00:00,24.0,61,1010.3
2020-03-22 03:00:00,19.2,74,1014.0
2020-03-22 06:00:00,25.2,45,1014.3
2020-03-22 09:00:00,28.2,37,1012.1
2020-03-22 12:00:00,26.4,44,1010.9
2020-03-23 03:00:00,21.6,70,1012.9
2020-03-23 06:00:00,26.0,52,1013.2
2020-03-23 09:00:00,28.8,42,1011.9
2020-03-23 12:00:00,27.6,46,1010.1
2020-03-24 03:00:00,21.2,75,1012.3
2020-03-24 06:00:00,25.4,61,1012.1
2020-03-24 09:00:00,21.6,86,1011.9
2020-03-24 12:00:00,20.2,74,1010.9
2020-03-25 03:00:00,19.2,79,1012.7
2020-03-25 06:00:00,25.2,60,1013.9
2020-03-25 09:00:00,28.2,48,1011.4
2020-03-25 12:00:00,25.8,60,1010.7
2020-03-26 03:00:00,21.4,72,1012.8
2020-03-26 06:00:00,26.6,45,1013.2
2020-03-26 09:00:00,26.8,43,1012.7
2020-03-26 12:00:00,25.0,55,1011.9
2020-03-27 03:00:00,20.0,90,1013.6
2020-03-27 06:00:00,21.2,84,1013.8
2020-03-27 09:00:00,22.0,69,1011.8
2020-03-27 12:00:00,18.4,94,1012.9
2020-03-28 03:00:00,17.0,94,1017.9
2020-03-28 06:00:00,22.6,69,1017.3
2020-03-28 09:00:00,26.0,52,1014.0
2020-03-28 12:00:00,25.2,53,1012.2
2020-03-29 03:00:00,20.0,69,1014.0
2020-03-29 06:00:00,25.2,47,1014.0
2020-03-29 09:00:00,26.6,42,1012.2
2020-03-29 12:00:00,25.4,48,1011.5
2020-03-30 03:00:00,20.6,68,1013.5
2020-03-30 06:00:00,25.0,47,1014.0
2020-03-30 09:00:00,27.4,39,1012.2
2020-03-30 12:00:00,25.6,44,1011.0
2020-03-31 03:00:00,18.8,83,1012.2
2020-03-31 06:00:00,24.4,58,1011.8
2020-03-31 09:00:00,24.2,62,1010.9
2020-03-31 12:00:00,21.2,67,1013.6
2020-04-01 03:00:00,19.4,74,1012.9
2020-04-01 06:00:00,26.2,46,1012.5
2020-04-01 09:00:00,28.8,40,1010.6
2020-04-01 12:00:00,28.2,43,1009.0
2020-04-02 03:00:00,20.6,73,1011.7
2020-04-02 06:00:00,26.0,46,1012.0
2020-04-02 12:00:00,27.4,27,1010.6
2020-04-03 03:00:00,21.0,49,1012.9
2020-04-03 06:00:00,26.4,33,1012.7
2020-04-03 09:00:00,28.0,30,1011.4
2020-04-03 12:00:00,26.6,33,1010.6
2020-04-04 03:00:00,21.4,60,1013.4
2020-04-04 06:00:00,27.2,35,1013.4
2020-04-04 09:00:00,29.6,29,1011.4
2020-04-04 12:00:00,28.6,33,1010.1
2020-04-05 03:00:00,20.0,74,1014.8
2020-04-05 06:00:00,27.8,42,1013.6
2020-04-05 12:00:00,29.6,38,1009.9
2020-04-06 03:00:00,23.2,56,1013.0
2020-04-06 06:00:00,30.2,36,1012.5
2020-04-06 09:00:00,30.8,38,1012.1
2020-04-06 12:00:00,28.6,43,1010.7
2020-04-07 03:00:00,19.8,72,1012.1
2020-04-07 06:00:00,26.6,51,1011.3
2020-04-07 09:00:00,22.0,74,1011.4
2020-04-07 12:00:00,22.2,58,1010.4
2020-04-08 03:00:00,20.4,68,1012.0
2020-04-08 06:00:00,26.8,36,1012.6
2020-04-08 09:00:00,29.2,28,1010.9
2020-04-08 12:00:00,28.4,28,1009.5
2020-04-09 03:00:00,22.0,60,1010.9
2020-04-09 06:00:00,28.8,37,1011.4
2020-04-09 09:00:00,30.8,30,1009.8
2020-04-09 12:00:00,29.6,33,1009.2
2020-04-10 03:00:00,22.6,59,1011.5
2020-04-10 06:00:00,30.4,34,1012.0
2020-04-10 09:00:00,33.4,24,1010.4
2020-04-10 12:00:00,31.6,28,1009.7
2020-04-11 03:00:00,26.6,46,1014.5
2020-04-11 06:00:00,31.8,27,1014.5
2020-04-11 09:00:00,34.0,23,1012.0
2020-04-11 12:00:00,32.2,32,1010.7
2020-04-12 03:00:00,26.4,48,1014.4
2020-04-12 06:00:00,31.0,35,1011.1
2020-04-12 09:00:00,33.6,28,1008.9
2020-04-12 12:00:00,33.2,25,1007.5
2020-04-13 03:00:00,27.8,52,1009.0
2020-04-13 06:00:00,33.8,33,1008.5
2020-04-13 09:00:00,35.6,26,1006.7
2020-04-13 12:00:00,34.2,30,1005.4
2020-04-14 03:00:00,26.8,59,1008.8
2020-04-14 06:00:00,34.6,31,1008.0
2020-04-14 09:00:00,38.0,22,1005.5
2020-04-14 12:00:00,37.6,23,1004.4
2020-04-15 03:00:00,27.0,48,1009.9
2020-04-15 06:00:00,34.8,27,1008.7
2020-04-15 09:00:00,37.6,20,1005.8
2020-04-15 12:00:00,38.2,15,1004.0
2020-04-16 03:00:00,28.4,51,1007.8
2020-04-16 06:00:00,33.4,32,1008.2
2020-04-16 09:00:00,35.6,18,1005.9
2020-04-16 12:00:00,34.8,15,1004.9
2020-04-17 03:00:00,26.0,46,1008.9
2020-04-17 06:00:00,28.0,44,1008.0
2020-04-17 09:00:00,28.8,41,1006.5
2020-04-17 12:00:00,30.0,36,1005.0
2020-04-18 03:00:00,23.4,62,1010.0
2020-04-18 06:00:00,31.4,33,1010.0
2020-04-18 09:00:00,33.4,27,1007.3
2020-04-18 12:00:00,29.2,50,1007.6
2020-04-19 03:00:00,23.4,57,1009.7
2020-04-19 06:00:00,29.8,33,1009.0
2020-04-19 09:00:00,32.6,27,1007.6
2020-04-19 12:00:00,32.2,28,1005.5
2020-04-20 03:00:00,26.0,46,1008.8
2020-04-20 06:00:00,29.8,38,1009.3
2020-04-20 09:00:00,25.0,52,1009.0
2020-04-20 12:00:00,20.2,80,1008.8
2020-04-21 03:00:00,22.2,64,1011.3
2020-04-21 06:00:00,28.8,33,1011.5
2020-04-21 09:00:00,30.2,35,1008.3
2020-04-21 12:00:00,30.6,28,1006.9
2020-04-22 03:00:00,24.6,48,1009.1
2020-04-22 06:00:00,30.4,30,1008.6
2020-04-22 09:00:00,32.4,27,1006.5
2020-04-22 12:00:00,33.2,23,1005.0
2020-04-23 03:00:00,24.8,54,1008.9
2020-04-23 06:00:00,33.0,25,1007.5
2020-04-23 09:00:00,35.0,19,1005.2
2020-04-23 12:00:00,34.4,21,1002.6
2020-04-24 03:00:00,27.2,46,1006.3
2020-04-24 06:00:00,34.0,28,1005.5
2020-04-24 09:00:00,35.6,22,1003.4
2020-04-24 12:00:00,35.0,23,1001.4
2020-04-25 03:00:00,27.0,44,1006.6
2020-04-25 06:00:00,31.8,33,1006.2
2020-04-25 09:00:00,28.2,45,1005.9
2020-04-25 12:00:00,31.2,35,1004.1
2020-04-26 03:00:00,26.2,52,1008.7
2020-04-26 06:00:00,28.6,50,1009.8
2020-04-26 09:00:00,30.6,42,1007.4
2020-04-26 12:00:00,29.0,40,1005.8
2020-04-27 03:00:00,21.8,77,1014.3
2020-04-27 06:00:00,25.0,62,1014.3
2020-04-27 09:00:00,28.0,49,1011.9
2020-04-27 12:00:00,28.8,47,1010.5
2020-04-28 03:00:00,27.2,46,1014.3
2020-04-28 06:00:00,31.6,37,1012.6
2020-04-28 09:00:00,33.2,31,1009.9
2020-04-28 12:00:00,33.0,30,1007.6
2020-04-29 03:00:00,27.6,53,1009.9
2020-04-29 06:00:00,32.4,37,1009.2
2020-04-29 09:00:00,34.6,33,1007.1
2020-04-29 12:00:00,35.2,28,1004.9
2020-04-30 03:00:00,27.6,67,1009.4
2020-04-30 06:00:00,35.0,39,1008.7
2020-04-30 09:00:00,36.6,31,1005.7
2020-04-30 12:00:00,36.2,26,1004.3
2020-05-01 03:00:00,28.8,54,1006.9
2020-05-01 06:00:00,35.4,29,1006.1
2020-05-01 09:00:00,39.4,20,1003.8
2020-05-01 12:00:00,38.2,23,1001.8
2020-05-02 03:00:00,28.2,58,1006.9
2020-05-02 06:00:00,33.0,44,1005.9
2020-05-02 09:00:00,32.6,45,1005.3
2020-05-02 12:00:00,29.8,52,1003.4
2020-05-03 03:00:00,25.6,64,1010.4
2020-05-03 06:00:00,31.8,44,1008.7
2020-05-03 09:00:00,34.2,43,1005.8
2020-05-03 12:00:00,33.2,45,1003.3
2020-05-04 03:00:00,25.0,68,1010.7
2020-05-04 06:00:00,29.0,49,1010.9
2020-05-04 09:00:00,31.6,38,1008.4
2020-05-04 12:00:00,32.4,39,1006.3
2020-05-05 03:00:00,28.2,52,1008.0
2020-05-05 06:00:00,34.0,31,1007.8
2020-05-05 09:00:00,36.2,26,1005.1
2020-05-05 12:00:00,35.6,27,1003.5
2020-05-06 03:00:00,24.4,71,1008.1
2020-05-06 06:00:00,30.4,45,1007.8
2020-05-06 09:00:00,33.6,30,1005.5
2020-05-06 12:00:00,33.6,27,1003.5
2020-05-07 03:00:00,26.4,49,1008.7
2020-05-07 06:00:00,32.4,30,1008.0
2020-05-07 09:00:00,34.8,24,1005.8
2020-05-07 12:00:00,35.0,24,1004.2
2020-05-08 03:00:00,29.8,39,1005.5
2020-05-08 06:00:00,35.0,22,1005.6
2020-05-08 09:00:00,37.4,16,1003.7
2020-05-08 12:00:00,37.0,20,1002.2
2020-05-09 03:00:00,28.2,46,1006.5
2020-05-09 06:00:00,36.2,28,1006.4
2020-05-09 09:00:00,38.4,26,1004.2
2020-05-09 12:00:00,38.8,20,1002.9
2020-05-10 03:00:00,22.8,73,1010.3
2020-05-10 06:00:00,23.6,66,1009.3
2020-05-10 09:00:00,30.0,40,1007.0
2020-05-10 12:00:00,31.4,37,1005.4
2020-05-11 03:00:00,27.4,45,1009.6
2020-05-11 06:00:00,31.6,37,1009.3
2020-05-11 09:00:00,35.0,27,1006.8
2020-05-11 12:00:00,34.6,29,1004.3
2020-05-12 03:00:00,25.6,64,1009.6
2020-05-12 06:00:00,30.8,44,1009.9
2020-05-12 09:00:00,34.6,35,1007.0
2020-05-12 12:00:00,34.2,33,1004.6
2020-05-13 03:00:00,25.8,70,1008.6
2020-05-13 06:00:00,28.8,52,1007.8
2020-05-13 09:00:00,31.6,45,1006.3
2020-05-13 12:00:00,32.4,40,1003.6
2020-05-14 03:00:00,29.0,61,1006.1
2020-05-14 06:00:00,33.0,47,1007.1
2020-05-14 09:00:00,27.8,49,1009.8
2020-05-14 12:00:00,27.2,52,1006.1
2020-05-15 03:00:00,26.0,55,1007.5
2020-05-15 06:00:00,31.2,38,1006.8
2020-05-15 09:00:00,34.2,32,1004.8
2020-05-15 12:00:00,33.8,33,1003.1
2020-05-16 03:00:00,29.0,48,1005.7
2020-05-16 06:00:00,34.8,26,1005.2
2020-05-16 09:00:00,37.2,20,1002.8
2020-05-16 12:00:00,35.8,23,1001.1
2020-05-17 03:00:00,30.6,40,1003.8
2020-05-17 06:00:00,35.2,24,1004.0
2020-05-17 09:00:00,37.4,19,1001.5
2020-05-17 12:00:00,37.6,16,999.5
2020-05-18 03:00:00,28.4,39,1004.0
2020-05-18 06:00:00,36.6,21,1002.6
2020-05-18 09:00:00,38.4,16,1000.3
2020-05-18 12:00:00,37.2,17,999.2
2020-05-19 03:00:00,32.0,26,1003.0
2020-05-19 06:00:00,35.0,21,1002.8
2020-05-19 09:00:00,37.4,13,1001.0
2020-05-19 12:00:00,35.0,14,1000.4
2020-05-20 03:00:00,30.2,30,1002.1
2020-05-20 09:00:00,37.2,16,1000.1
2020-05-20 12:00:00,37.0,15,998.9
2020-05-21 03:00:00,31.8,27,1001.0
2020-05-21 06:00:00,38.0,17,999.9
2020-05-21 09:00:00,39.8,15,998.0
2020-05-21 12:00:00,39.8,16,996.2
2020-05-22 03:00:00,33.2,34,999.8
2020-05-22 06:00:00,40.0,19,999.7
2020-05-22 09:00:00,42.2,16,998.1
2020-05-22 12:00:00,41.6,15,997.0
2020-05-23 03:00:00,32.4,36,1001.4
2020-05-23 06:00:00,39.6,25,1000.7
2020-05-23 09:00:00,41.6,21,998.6
2020-05-23 12:00:00,43.0,15,997.1
2020-05-24 03:00:00,32.2,32,1003.2
2020-05-24 06:00:00,38.0,25,1002.6
2020-05-24 09:00:00,41.0,19,1000.7
2020-05-24 12:00:00,40.6,19,999.2
2020-05-25 03:00:00,34.6,32,1001.1
2020-05-25 06:00:00,39.8,22,1001.1
2020-05-25 09:00:00,42.4,16,999.8
2020-05-25 12:00:00,41.4,18,998.3
2020-05-26 03:00:00,35.6,31,999.3
2020-05-26 06:00:00,40.6,25,999.6
2020-05-26 09:00:00,43.2,19,997.5
2020-05-26 12:00:00,42.4,16,996.0
2020-05-27 03:00:00,34.8,30,998.7
2020-05-27 06:00:00,39.2,22,998.5
2020-05-27 09:00:00,42.8,18,995.9
2020-05-27 12:00:00,43.2,16,993.4
2020-05-28 03:00:00,31.4,45,999.0
2020-05-28 06:00:00,36.4,34,998.7
2020-05-28 09:00:00,38.0,32,996.3
2020-05-28 12:00:00,32.6,34,996.6
2020-05-29 03:00:00,28.8,52,1004.3
2020-05-29 06:00:00,32.4,43,1003.4
2020-05-29 09:00:00,31.0,45,1002.6
2020-05-29 12:00:00,31.0,45,1001.3
2020-05-30 03:00:00,27.8,64,1005.1
2020-05-30 06:00:00,33.2,40,1004.6
2020-05-30 12:00:00,34.0,38,1001.6
2020-05-31 03:00:00,23.6,86,1008.4
2020-05-31 06:00:00,29.0,61,1008.1
2020-05-31 09:00:00,29.0,61,1007.0
2020-05-31 12:00:00,26.4,70,1005.4
2020-06-01 03:00:00,26.6,65,1009.3
2020-06-01 09:00:00,32.0,44,1006.9
2020-06-01 12:00:00,32.4,42,1004.6
2020-06-02 03:00:00,28.2,57,1006.2
2020-06-02 06:00:00,32.0,50,1006.8
2020-06-02 12:00:00,29.4,44,1003.3
2020-06-03 03:00:00,29.0,54,1004.5
2020-06-03 06:00:00,31.8,47,1004.6
2020-06-03 09:00:00,34.6,33,1002.4
2020-06-03 12:00:00,28.0,51,1002.3
2020-06-04 03:00:00,29.8,47,1004.0
2020-06-04 06:00:00,33.6,37,1002.8
2020-06-04 09:00:00,35.0,32,1000.1
2020-06-04 12:00:00,36.2,30,998.4
2020-06-05 03:00:00,26.4,66,1003.7
2020-06-05 06:00:00,30.8,55,1003.4
2020-06-05 09:00:00,34.0,43,1001.1
2020-06-05 12:00:00,34.2,38,998.9
2020-06-06 03:00:00,20.6,95,1005.8
2020-06-06 06:00:00,24.2,85,1005.5
2020-06-06 09:00:00,28.8,58,1002.3
2020-06-06 12:00:00,28.2,70,1000.9
2020-06-07 03:00:00,27.0,60,1004.0
2020-06-07 06:00:00,29.6,57,1004.5
2020-06-07 09:00:00,31.6,52,1001.8
2020-06-07 12:00:00,32.8,46,999.2
2020-06-08 03:00:00,30.2,60,1002.6
2020-06-08 06:00:00,34.8,44,1001.8
2020-06-08 09:00:00,37.0,38,999.8
2020-06-08 12:00:00,36.0,54,997.9
2020-06-09 03:00:00,32.6,57,1002.1
2020-06-09 06:00:00,36.0,44,1002.4
2020-06-09 09:00:00,36.0,46,1000.6
2020-06-09 12:00:00,36.2,41,998.8
2020-06-10 03:00:00,33.2,53,1001.3
2020-06-10 06:00:00,31.2,57,1003.6
2020-06-10 09:00:00,35.0,43,1001.2
2020-06-10 12:00:00,35.0,39,998.5
2020-06-11 03:00:00,33.4,48,1000.6
2020-06-11 06:00:00,36.8,42,1000.3
2020-06-11 09:00:00,39.0,34,997.8
2020-06-11 12:00:00,38.6,35,995.8
2020-06-12 03:00:00,33.0,60,1000.0
2020-06-12 06:00:00,38.4,39,998.2
2020-06-12 09:00:00,39.8,34,996.0
2020-06-12 12:00:00,36.4,41,994.8
2020-06-13 03:00:00,33.8,57,999.0
2020-06-13 06:00:00,37.6,46,998.3
2020-06-13 09:00:00,37.4,33,997.5
2020-06-13 12:00:00,35.4,40,996.7
2020-06-14 03:00:00,32.2,52,1001.9
2020-06-14 06:00:00,36.8,37,1001.2
2020-06-14 09:00:00,39.6,30,998.5
2020-06-14 12:00:00,39.6,32,996.2
2020-06-15 03:00:00,32.8,66,1000.2
2020-06-15 06:00:00,38.2,40,998.5
2020-06-15 09:00:00,40.6,30,996.0
2020-06-15 12:00:00,40.4,36,993.9
2020-06-16 03:00:00,32.4,62,997.3
2020-06-16 06:00:00,36.6,49,996.7
2020-06-16 09:00:00,41.2,26,993.6
2020-06-16 12:00:00,41.0,41,992.4
2020-06-17 03:00:00,32.2,59,997.0
2020-06-17 06:00:00,35.0,53,995.8
2020-06-17 09:00:00,38.8,40,993.6
2020-06-17 12:00:00,40.0,33,991.7
2020-06-18 03:00:00,32.4,64,997.1
2020-06-18 06:00:00,36.8,49,996.7
2020-06-18 09:00:00,40.0,36,994.3
2020-06-18 12:00:00,41.0,36,992.7
2020-06-19 03:00:00,29.0,70,998.3
2020-06-19 06:00:00,34.2,51,999.0
2020-06-19 09:00:00,36.0,52,996.9
2020-06-19 12:00:00,37.8,48,995.6
2020-06-20 03:00:00,30.4,74,1000.1
2020-06-20 06:00:00,34.2,61,1000.1
2020-06-20 09:00:00,36.6,53,998.0
2020-06-20 12:00:00,37.4,49,995.8
2020-06-21 03:00:00,30.6,54,1000.5
2020-06-21 06:00:00,32.8,58,999.3
2020-06-21 09:00:00,34.4,52,998.9
2020-06-21 12:00:00,35.0,50,997.1
2020-06-22 03:00:00,25.6,89,1000.5
2020-06-22 06:00:00,30.2,66,1000.2
2020-06-22 09:00:00,33.6,53,998.7
2020-06-22 12:00:00,34.6,47,996.7
2020-06-23 03:00:00,31.4,70,1002.1
2020-06-23 06:00:00,34.4,58,1002.7
2020-06-23 09:00:00,36.0,54,1000.9
2020-06-23 12:00:00,35.6,52,998.7
2020-06-24 03:00:00,31.6,72,1003.8
2020-06-24 06:00:00,34.2,61,1003.2
2020-06-24 09:00:00,29.4,74,1003.4
2020-06-24 12:00:00,29.8,67,1000.9
2020-06-25 03:00:00,30.6,72,1001.2
2020-06-25 06:00:00,31.2,64,1001.8
2020-06-25 09:00:00,31.2,66,998.7
2020-06-25 12:00:00,31.8,63,997.2
2020-06-26 03:00:00,31.2,70,1000.3
2020-06-26 06:00:00,33.8,58,1000.1
2020-06-26 09:00:00,35.2,53,997.8
2020-06-26 12:00:00,35.0,50,996.2
2020-06-27 03:00:00,33.6,58,998.5
2020-06-27 06:00:00,36.2,50,998.0
2020-06-27 09:00:00,36.6,51,996.3
2020-06-27 12:00:00,36.4,55,995.0
2020-06-28 03:00:00,34.8,60,997.1
2020-06-28 06:00:00,37.6,46,997.0
2020-06-28 09:00:00,38.6,50,995.6
2020-06-28 12:00:00,39.0,46,994.5
2020-06-29 03:00:00,32.4,49,999.3
2020-06-29 06:00:00,34.2,47,1002.0
2020-06-29 09:00:00,33.6,51,999.9
2020-06-29 12:00:00,35.6,52,997.2
2020-06-30 03:00:00,30.0,74,1002.5
2020-06-30 06:00:00,32.6,67,1002.2
2020-06-30 09:00:00,35.0,59,1000.1
2020-06-30 12:00:00,35.6,53,997.5
2020-07-01 03:00:00,32.6,72,1000.7
2020-07-01 06:00:00,34.8,59,1000.7
2020-07-01 09:00:00,37.0,51,998.6
2020-07-01 12:00:00,36.8,51,996.0
2020-07-02 03:00:00,33.6,70,998.2
2020-07-02 06:00:00,36.6,53,997.6
2020-07-02 09:00:00,38.8,44,995.3
2020-07-02 12:00:00,39.2,48,993.3
2020-07-03 03:00:00,33.8,72,996.7
2020-07-03 06:00:00,36.4,56,996.9
2020-07-03 09:00:00,40.4,39,994.7
2020-07-03 12:00:00,40.0,42,993.0
2020-07-04 03:00:00,30.4,63,997.4
2020-07-04 06:00:00,35.0,54,997.1
2020-07-04 09:00:00,36.0,56,994.9
2020-07-04 12:00:00,35.8,58,992.5
2020-07-05 03:00:00,24.8,86,1000.7
2020-07-05 06:00:00,28.8,74,999.1
2020-07-05 09:00:00,32.2,56,997.2
2020-07-05 12:00:00,33.6,49,995.0
2020-07-06 03:00:00,30.2,73,998.2
2020-07-06 06:00:00,32.8,61,999.0
2020-07-06 09:00:00,34.6,56,997.0
2020-07-06 12:00:00,34.2,54,994.9
2020-07-07 03:00:00,29.8,80,1000.5
2020-07-07 06:00:00,32.8,68,1000.6
2020-07-07 09:00:00,34.0,60,999.5
2020-07-07 12:00:00,34.6,58,998.2
2020-07-08 03:00:00,24.6,96,1003.8
2020-07-08 06:00:00,25.4,96,1003.7
2020-07-08 09:00:00,27.4,92,1002.0
2020-07-08 12:00:00,28.8,85,1000.1
2020-07-09 03:00:00,29.8,85,999.9
2020-07-09 06:00:00,26.6,94,999.4
2020-07-09 09:00:00,32.6,74,996.8
2020-07-09 12:00:00,34.0,61,994.9
2020-07-10 03:00:00,32.0,75,995.8
2020-07-10 06:00:00,34.2,64,995.9
2020-07-10 09:00:00,35.4,65,995.1
2020-07-10 12:00:00,35.4,60,992.8
2020-07-11 03:00:00,24.8,95,998.4
2020-07-11 06:00:00,27.8,78,997.5
2020-07-11 09:00:00,31.4,67,996.3
2020-07-11 12:00:00,32.8,68,994.5
2020-07-12 03:00:00,24.0,86,998.6
2020-07-12 06:00:00,28.8,64,999.3
2020-07-12 09:00:00,29.2,67,999.2
2020-07-12 12:00:00,26.6,84,997.8
2020-07-13 03:00:00,28.2,82,999.1
2020-07-13 06:00:00,31.0,69,998.8
2020-07-13 09:00:00,33.2,64,997.4
2020-07-14 03:00:00,31.2,75,999.6
2020-07-14 06:00:00,33.6,66,999.7
2020-07-14 09:00:00,35.0,62,998.4
2020-07-14 12:00:00,35.0,60,996.3
2020-07-15 03:00:00,26.4,84,1002.1
2020-07-15 06:00:00,30.6,72,1001.4
2020-07-15 09:00:00,32.2,70,999.2
2020-07-15 12:00:00,33.2,63,996.9
2020-07-16 03:00:00,30.6,76,999.9
2020-07-16 06:00:00,33.0,68,1000.7
2020-07-16 09:00:00,34.6,56,998.6
2020-07-16 12:00:00,34.6,56,996.3
2020-07-17 03:00:00,31.6,79,1000.7
2020-07-17 06:00:00,33.2,68,1000.6
2020-07-17 09:00:00,34.0,65,999.0
2020-07-17 12:00:00,31.8,84,997.9
2020-07-18 03:00:00,31.8,80,1001.1
2020-07-18 06:00:00,33.2,72,1001.5
2020-07-18 09:00:00,32.2,81,1000.4
2020-07-18 12:00:00,32.6,77,998.4
2020-07-19 03:00:00,29.0,90,1001.5
2020-07-19 06:00:00,29.4,90,999.9
2020-07-19 09:00:00,32.8,73,997.4
2020-07-19 12:00:00,32.8,70,995.5
2020-07-20 03:00:00,25.0,90,997.9
2020-07-20 06:00:00,27.2,83,998.4
2020-07-20 09:00:00,29.8,73,996.8
2020-07-20 12:00:00,32.4,64,994.4
2020-07-21 03:00:00,23.4,93,1002.2
2020-07-21 06:00:00,25.4,85,1003.1
2020-07-21 09:00:00,27.2,81,1001.9
2020-07-21 12:00:00,27.6,80,1000.3
2020-07-22 03:00:00,25.8,90,1002.8
2020-07-22 06:00:00,28.8,79,1002.6
2020-07-22 09:00:00,30.8,69,1001.0
2020-07-22 12:00:00,31.0,69,999.3
2020-07-23 03:00:00,29.2,82,1000.4
2020-07-23 06:00:00,31.8,66,1000.4
2020-07-23 09:00:00,33.0,64,1000.2
2020-07-23 12:00:00,33.4,57,997.7
2020-07-24 03:00:00,29.8,73,1004.1
2020-07-24 06:00:00,32.6,67,1004.4
2020-07-24 09:00:00,34.0,57,1003.0
2020-07-24 12:00:00,34.0,58,1001.7
2020-07-25 03:00:00,29.0,80,1006.7
2020-07-25 06:00:00,31.6,72,1007.1
2020-07-25 09:00:00,31.8,67,1005.8
2020-07-25 12:00:00,31.6,74,1003.3
2020-07-26 03:00:00,29.8,81,1006.9
2020-07-26 06:00:00,32.8,66,1006.5
2020-07-26 09:00:00,34.6,62,1003.8
2020-07-26 12:00:00,33.6,63,1001.9
2020-07-27 03:00:00,32.4,72,1003.3
2020-07-27 06:00:00,33.0,72,1002.7
2020-07-27 09:00:00,35.2,59,1000.1
2020-07-27 12:00:00,35.0,59,998.0
2020-07-28 03:00:00,31.4,74,1000.3
2020-07-28 06:00:00,35.0,59,999.8
2020-07-28 09:00:00,36.6,53,998.5
2020-07-28 12:00:00,35.6,60,996.7
2020-07-29 03:00:00,30.2,83,998.6
2020-07-29 06:00:00,30.4,74,1000.1
2020-07-29 09:00:00,32.8,67,999.5
2020-07-29 12:00:00,32.8,69,998.2
2020-07-30 03:00:00,26.0,95,1003.7
2020-07-30 06:00:00,27.4,87,1004.0
2020-07-30 09:00:00,30.0,78,1001.9
2020-07-30 12:00:00,30.4,74,1000.2
2020-07-31 03:00:00,28.4,89,1003.0
2020-07-31 06:00:00,31.2,74,1002.1
2020-07-31 09:00:00,33.4,68,999.9
2020-07-31 12:00:00,30.4,81,998.2
2020-08-01 03:00:00,28.8,82,1001.5
2020-08-01 06:00:00,25.4,96,1002.8
2020-08-01 09:00:00,29.6,78,1000.3
2020-08-01 12:00:00,31.4,76,998.3
2020-08-02 03:00:00,29.2,71,1000.7
2020-08-02 06:00:00,32.6,72,1000.6
2020-08-02 09:00:00,29.8,73,998.7
2020-08-02 12:00:00,33.6,68,995.7
2020-08-03 03:00:00,31.4,78,995.3
2020-08-03 06:00:00,34.0,74,995.3
2020-08-03 09:00:00,36.4,61,993.3
2020-08-03 12:00:00,35.4,68,991.0
2020-08-04 03:00:00,25.8,81,993.7
2020-08-04 06:00:00,28.8,79,994.5
2020-08-04 09:00:00,32.6,70,993.0
2020-08-04 12:00:00,34.0,72,990.7
2020-08-05 03:00:00,30.4,91,994.4
2020-08-05 06:00:00,33.4,73,995.5
2020-08-05 09:00:00,35.2,64,994.3
2020-08-05 12:00:00,26.8,94,995.9
2020-08-06 03:00:00,30.0,82,999.8
2020-08-06 06:00:00,34.0,72,999.9
2020-08-06 09:00:00,35.0,64,998.4
2020-08-06 12:00:00,35.0,62,996.8
2020-08-07 03:00:00,29.4,80,1002.6
2020-08-07 06:00:00,32.4,69,1002.4
2020-08-07 09:00:00,34.0,64,999.8
2020-08-07 12:00:00,34.0,66,998.5
2020-08-08 03:00:00,31.8,75,999.9
2020-08-08 06:00:00,27.0,96,1000.0
2020-08-08 09:00:00,33.2,73,996.8
2020-08-08 12:00:00,32.8,76,995.6
2020-08-09 03:00:00,31.0,86,997.5
2020-08-09 06:00:00,32.4,83,998.0
2020-08-09 09:00:00,29.8,84,997.2
2020-08-09 12:00:00,32.4,82,995.1
2020-08-10 03:00:00,29.2,90,999.4
2020-08-10 06:00:00,32.0,79,999.8
2020-08-10 09:00:00,28.2,95,998.7
2020-08-10 12:00:00,30.6,86,997.2
2020-08-11 03:00:00,29.0,86,999.4
2020-08-11 06:00:00,32.4,74,999.2
2020-08-11 09:00:00,33.4,73,996.7
2020-08-11 12:00:00,33.0,79,995.1
2020-08-12 03:00:00,27.8,81,997.6
2020-08-12 06:00:00,32.8,78,997.1
2020-08-12 09:00:00,28.2,87,996.8
2020-08-12 12:00:00,28.4,89,995.3
2020-08-13 03:00:00,26.8,94,996.9
2020-08-13 06:00:00,28.8,88,997.5
2020-08-13 09:00:00,30.6,81,997.0
2020-08-13 12:00:00,29.4,82,995.6
2020-08-14 03:00:00,29.8,80,998.6
2020-08-14 06:00:00,31.8,74,997.8
2020-08-14 09:00:00,32.8,68,996.4
2020-08-14 12:00:00,32.6,68,995.0
2020-08-15 03:00:00,30.4,81,997.0
2020-08-15 06:00:00,32.4,72,997.5
2020-08-15 09:00:00,33.8,64,995.9
2020-08-15 12:00:00,33.8,70,994.7
2020-08-16 03:00:00,27.8,92,998.8
2020-08-16 06:00:00,32.4,76,997.9
2020-08-16 09:00:00,32.8,76,996.6
2020-08-16 12:00:00,32.6,74,995.7
2020-08-17 03:00:00,30.0,90,997.9
2020-08-17 06:00:00,32.2,76,998.2
2020-08-17 09:00:00,33.2,76,997.0
2020-08-17 12:00:00,31.6,80,996.2
2020-08-18 03:00:00,29.6,86,999.8
2020-08-18 06:00:00,33.2,77,998.5
2020-08-18 09:00:00,34.6,69,996.2
2020-08-18 12:00:00,30.6,80,995.4
2020-08-19 03:00:00,28.6,92,997.5
2020-08-19 06:00:00,32.0,80,997.9
2020-08-19 09:00:00,25.6,93,997.0
2020-08-19 12:00:00,26.2,87,997.1
2020-08-20 03:00:00,26.4,89,1001.7
2020-08-20 06:00:00,28.8,80,1002.7
2020-08-20 09:00:00,31.4,72,1000.6
2020-08-20 12:00:00,27.6,81,1000.8
2020-08-21 03:00:00,25.8,93,1005.0
2020-08-21 06:00:00,25.6,93,1006.2
2020-08-21 09:00:00,26.0,94,1004.8
2020-08-21 12:00:00,27.4,86,1002.4
2020-08-22 03:00:00,27.6,87,1004.0
2020-08-22 06:00:00,32.8,64,1003.4
2020-08-22 09:00:00,31.4,78,1001.8
2020-08-22 12:00:00,31.2,78,999.5
2020-08-23 03:00:00,27.2,89,1003.1
2020-08-23 06:00:00,32.0,69,1002.4
2020-08-23 09:00:00,33.6,64,1000.4
2020-08-23 12:00:00,32.6,69,998.8
2020-08-24 03:00:00,29.8,78,1001.5
2020-08-24 06:00:00,31.8,67,1001.4
2020-08-24 09:00:00,32.2,69,1000.4
2020-08-24 12:00:00,32.2,70,999.3
2020-08-25 03:00:00,28.4,86,1003.1
2020-08-25 06:00:00,31.8,72,1003.1
2020-08-25 09:00:00,33.8,64,1001.7
2020-08-25 12:00:00,32.4,67,1000.9
2020-08-26 03:00:00,28.6,88,1003.8
2020-08-26 06:00:00,31.8,72,1003.8
2020-08-26 09:00:00,33.0,67,1002.2
2020-08-26 12:00:00,32.6,70,1000.7
2020-08-27 03:00:00,29.6,78,1004.2
2020-08-27 06:00:00,32.6,64,1004.0
2020-08-27 09:00:00,31.6,75,1002.1
2020-08-27 12:00:00,31.8,76,1000.1
2020-08-28 03:00:00,26.0,95,1002.6
2020-08-28 06:00:00,28.6,83,1002.8
2020-08-28 09:00:00,30.6,78,1001.0
2020-08-28 12:00:00,29.8,80,999.9
2020-08-29 03:00:00,27.4,92,1002.4
2020-08-29 06:00:00,30.6,77,1002.5
2020-08-29 09:00:00,32.0,67,1000.5
2020-08-29 12:00:00,31.8,74,999.3
2020-08-30 03:00:00,30.0,82,1002.0
2020-08-30 06:00:00,31.0,71,1002.5
2020-08-30 09:00:00,31.6,66,1001.2
2020-08-30 12:00:00,31.2,75,999.9
2020-08-31 03:00:00,29.4,74,1002.8
2020-08-31 06:00:00,31.4,66,1003.5
2020-08-31 09:00:00,31.6,60,1002.2
2020-08-31 12:00:00,31.4,62,1000.2
2020-09-01 03:00:00,28.0,80,1004.6
2020-09-01 06:00:00,30.6,68,1005.5
2020-09-01 09:00:00,32.2,65,1003.6
2020-09-01 12:00:00,31.4,66,1002.7
2020-09-02 03:00:00,29.8,81,1006.6
2020-09-02 06:00:00,32.6,63,1007.1
2020-09-02 09:00:00,33.6,62,1005.9
2020-09-02 12:00:00,32.8,63,1004.5
2020-09-03 03:00:00,30.4,80,1007.9
2020-09-03 06:00:00,32.8,67,1008.1
2020-09-03 09:00:00,32.2,72,1006.4
2020-09-03 12:00:00,25.6,95,1007.1
2020-09-04 03:00:00,28.8,85,1007.8
2020-09-04 06:00:00,31.4,71,1008.2
2020-09-04 09:00:00,32.6,64,1005.9
2020-09-04 12:00:00,29.6,85,1004.4
2020-09-05 03:00:00,28.6,85,1004.9
2020-09-05 06:00:00,33.4,59,1005.1
2020-09-05 09:00:00,31.0,71,1003.0
2020-09-05 12:00:00,29.8,78,1001.9
2020-09-06 03:00:00,27.5,81,1004.1
2020-09-06 06:00:00,31.2,75,1004.0
2020-09-06 09:00:00,30.6,73,1002.3
2020-09-06 12:00:00,33.2,63,1000.9
2020-09-07 03:00:00,28.8,83,1004.3
2020-09-07 06:00:00,33.2,64,1005.2
2020-09-07 09:00:00,33.6,62,1003.7
2020-09-07 12:00:00,32.0,69,1001.5
2020-09-08 03:00:00,28.6,85,1005.5
2020-09-08 06:00:00,32.4,66,1006.0
2020-09-08 09:00:00,34.0,61,1003.9
2020-09-08 12:00:00,32.0,69,1002.2
2020-09-09 03:00:00,29.8,84,1005.8
2020-09-09 06:00:00,33.2,62,1005.6
2020-09-09 09:00:00,33.8,60,1003.4
2020-09-09 12:00:00,32.8,68,1001.5
2020-09-10 03:00:00,30.4,76,1002.9
2020-09-10 06:00:00,34.0,63,1002.2
2020-09-10 09:00:00,33.8,60,1000.4
2020-09-10 12:00:00,33.0,64,998.6
2020-09-11 03:00:00,30.0,82,1002.1
2020-09-11 06:00:00,33.2,64,1002.3
2020-09-11 09:00:00,34.0,56,1001.7
2020-09-12 03:00:00,30.0,80,1006.4
2020-09-12 06:00:00,34.4,56,1005.9
2020-09-12 09:00:00,34.4,56,1004.2
2020-09-12 12:00:00,33.8,56,1002.7
2020-09-13 03:00:00,29.8,82,1005.8
2020-09-13 06:00:00,34.0,63,1006.0
2020-09-13 09:00:00,34.2,58,1004.1
2020-09-13 12:00:00,33.2,61,1002.7
2020-09-14 03:00:00,30.4,77,1005.4
2020-09-14 09:00:00,35.2,50,1002.4
2020-09-14 12:00:00,33.8,58,1001.1
2020-09-15 03:00:00,30.2,80,1004.1
2020-09-15 06:00:00,33.4,62,1004.3
2020-09-15 09:00:00,35.0,59,1002.1
2020-09-15 12:00:00,34.2,58,1000.4
2020-09-16 03:00:00,31.6,75,1003.2
2020-09-16 06:00:00,35.4,57,1003.1
2020-09-16 09:00:00,35.6,58,1001.6
2020-09-16 12:00:00,34.6,51,1000.6
2020-09-17 03:00:00,30.6,72,1003.0
2020-09-17 06:00:00,35.2,44,1002.8
2020-09-17 09:00:00,35.8,52,1000.9
2020-09-17 12:00:00,34.2,60,999.9
2020-09-18 03:00:00,30.6,73,1001.7
2020-09-18 06:00:00,35.0,52,1002.1
2020-09-18 09:00:00,36.8,33,1000.5
2020-09-18 12:00:00,34.6,48,999.4
2020-09-19 03:00:00,30.4,83,1002.7
2020-09-19 06:00:00,33.8,62,1003.4
2020-09-19 12:00:00,33.6,62,999.1
2020-09-20 03:00:00,30.0,74,1003.5
2020-09-20 06:00:00,34.2,55,1002.0
2020-09-20 09:00:00,35.6,49,999.8
2020-09-20 12:00:00,34.0,56,998.6
2020-09-21 03:00:00,30.0,76,1001.7
2020-09-21 06:00:00,34.8,48,1001.3
2020-09-21 12:00:00,33.4,50,997.7
2020-09-22 03:00:00,29.8,72,1002.4
2020-09-22 06:00:00,33.0,67,1002.3
2020-09-22 09:00:00,34.0,67,999.7
2020-09-22 12:00:00,32.8,67,998.0
2020-09-23 03:00:00,29.4,68,1001.9
2020-09-23 06:00:00,32.6,63,1001.5
2020-09-23 09:00:00,35.0,58,999.1
2020-09-23 12:00:00,32.8,67,997.8
2020-09-24 03:00:00,28.6,85,1003.8
2020-09-24 06:00:00,32.6,70,1003.7
2020-09-24 09:00:00,34.2,55,1001.4
2020-09-24 12:00:00,33.2,63,1000.6
2020-09-25 03:00:00,28.8,82,1003.0
2020-09-25 06:00:00,34.0,58,1002.8
2020-09-25 09:00:00,35.0,48,1000.9
2020-09-25 12:00:00,33.6,46,999.7
2020-09-26 03:00:00,27.2,67,1002.1
2020-09-26 06:00:00,32.6,52,1002.9
2020-09-26 09:00:00,34.4,46,1001.6
2020-09-26 12:00:00,32.8,51,1000.8
2020-09-27 03:00:00,27.0,76,1006.1
2020-09-27 06:00:00,32.6,57,1006.1
2020-09-27 09:00:00,34.4,49,1004.1
2020-09-27 12:00:00,33.4,48,1003.2
2020-09-28 03:00:00,26.8,69,1007.8
2020-09-28 06:00:00,32.0,55,1007.7
2020-09-28 09:00:00,34.2,37,1005.2
2020-09-28 12:00:00,31.8,47,1004.5
2020-09-29 03:00:00,28.0,63,1007.1
2020-09-29 06:00:00,32.6,46,1007.7
2020-09-29 09:00:00,34.0,46,1005.2
2020-09-29 12:00:00,32.2,54,1003.9
2020-09-30 03:00:00,27.0,67,1006.1
2020-09-30 06:00:00,33.4,39,1005.7
2020-09-30 09:00:00,34.2,38,1003.9
2020-09-30 12:00:00,32.2,49,1003.0
2020-10-01 03:00:00,27.4,64,1005.2
2020-10-01 06:00:00,32.8,48,1005.1
2020-10-01 09:00:00,35.0,40,1003.0
2020-10-01 12:00:00,32.8,45,1002.5
2020-10-02 03:00:00,26.8,75,1005.4
2020-10-02 06:00:00,33.4,32,1005.4
2020-10-02 09:00:00,34.2,29,1004.2
2020-10-02 12:00:00,32.2,36,1003.8
2020-10-03 03:00:00,25.0,73,1006.7
2020-10-03 06:00:00,32.4,39,1006.9
2020-10-03 09:00:00,34.6,23,1005.0
2020-10-03 12:00:00,32.2,34,1004.2
2020-10-04 03:00:00,25.6,70,1009.0
2020-10-04 06:00:00,32.8,35,1008.1
2020-10-04 09:00:00,34.6,27,1005.5
2020-10-04 12:00:00,32.2,33,1004.5
2020-10-05 03:00:00,25.4,66,1008.2
2020-10-05 06:00:00,33.6,29,1006.9
2020-10-05 09:00:00,35.0,23,1004.7
2020-10-05 12:00:00,32.6,31,1004.1
2020-10-06 03:00:00,26.2,58,1008.4
2020-10-06 06:00:00,32.4,47,1007.9
2020-10-06 09:00:00,34.8,27,1005.7
2020-10-06 12:00:00,32.0,40,1005.1
2020-10-07 03:00:00,23.8,75,1010.3
2020-10-07 06:00:00,33.0,40,1009.9
2020-10-07 09:00:00,34.8,28,1007.3
2020-10-07 12:00:00,32.2,38,1006.8
2020-10-08 03:00:00,25.8,67,1010.2
2020-10-08 06:00:00,32.6,45,1010.0
2020-10-08 09:00:00,34.4,34,1007.9
2020-10-08 12:00:00,31.8,36,1007.4
2020-10-09 03:00:00,24.4,74,1011.3
2020-10-09 06:00:00,32.0,44,1011.1
2020-10-09 09:00:00,34.4,29,1008.3
2020-10-09 12:00:00,31.6,37,1007.3
2020-10-10 03:00:00,25.0,73,1010.2
2020-10-10 06:00:00,33.2,29,1009.7
2020-10-10 09:00:00,34.2,32,1006.9
2020-10-10 12:00:00,32.2,41,1005.5
2020-10-11 03:00:00,25.8,67,1008.0
2020-10-11 06:00:00,33.6,26,1006.8
2020-10-11 09:00:00,35.0,22,1003.8
2020-10-11 12:00:00,32.6,36,1003.0
2020-10-12 03:00:00,24.6,65,1006.6
2020-10-12 06:00:00,31.8,43,1005.8
2020-10-12 09:00:00,34.4,28,1003.1
2020-10-12 12:00:00,30.6,48,1002.1
2020-10-13 03:00:00,23.8,76,1006.8
2020-10-13 06:00:00,31.8,47,1006.7
2020-10-13 12:00:00,32.2,46,1004.2
2020-10-14 03:00:00,24.6,72,1009.0
2020-10-14 06:00:00,32.4,37,1008.8
2020-10-14 09:00:00,34.6,21,1005.7
2020-10-14 12:00:00,30.6,36,1005.3
2020-10-15 03:00:00,22.4,68,1010.3
2020-10-15 06:00:00,32.2,28,1009.5
2020-10-15 09:00:00,33.8,17,1008.6
2020-10-15 12:00:00,31.4,20,1005.6
2020-10-16 03:00:00,22.6,68,1008.9
2020-10-16 06:00:00,31.4,38,1008.3
2020-10-16 09:00:00,33.4,24,1006.0
2020-10-16 12:00:00,30.2,32,1005.5
2020-10-17 03:00:00,21.4,72,1010.0
2020-10-17 06:00:00,31.4,30,1009.8
2020-10-17 09:00:00,33.6,21,1007.1
2020-10-17 12:00:00,30.6,25,1006.5
2020-10-18 03:00:00,21.8,62,1010.1
2020-10-18 06:00:00,31.8,24,1009.3
2020-10-18 09:00:00,33.4,21,1006.9
2020-10-18 12:00:00,30.2,28,1006.6
2020-10-19 03:00:00,21.8,66,1010.0
2020-10-19 06:00:00,32.0,24,1009.7
2020-10-19 09:00:00,33.6,19,1006.9
2020-10-19 12:00:00,30.0,23,1006.0
2020-10-20 03:00:00,22.2,55,1009.1
2020-10-20 06:00:00,31.0,28,1008.6
2020-10-20 09:00:00,33.0,20,1006.2
2020-10-20 12:00:00,29.7,24,1006.3
2020-10-21 03:00:00,20.8,52,1011.5
2020-10-21 06:00:00,30.4,29,1010.4
2020-10-21 09:00:00,32.2,18,1007.4
2020-10-21 12:00:00,28.2,30,1006.5
2020-10-22 03:00:00,19.8,62,1010.1
2020-10-22 06:00:00,28.8,33,1009.0
2020-10-22 09:00:00,32.0,19,1005.9
2020-10-22 12:00:00,29.6,33,1005.6
2020-10-23 03:00:00,20.0,61,1009.6
2020-10-23 06:00:00,28.6,34,1008.7
2020-10-23 09:00:00,31.0,26,1006.1
2020-10-23 12:00:00,27.2,41,1005.5
2020-10-24 03:00:00,19.4,69,1009.2
2020-10-24 06:00:00,28.0,47,1008.9
2020-10-24 09:00:00,31.4,30,1006.4
2020-10-24 12:00:00,28.6,36,1006.5
2020-10-25 03:00:00,19.8,74,1011.8
2020-10-25 06:00:00,28.4,44,1011.5
2020-10-25 09:00:00,31.8,19,1009.2
2020-10-25 12:00:00,29.2,28,1009.1
2020-10-26 03:00:00,19.2,68,1014.3
2020-10-26 06:00:00,28.8,30,1014.1
2020-10-26 09:00:00,31.6,19,1011.4
2020-10-26 12:00:00,27.6,29,1011.0
2020-10-27 03:00:00,20.4,62,1013.0
2020-10-27 06:00:00,28.4,22,1012.4
2020-10-27 09:00:00,30.8,16,1010.5
2020-10-27 12:00:00,28.0,23,1010.6
2020-10-28 03:00:00,17.0,74,1014.1
2020-10-28 06:00:00,27.8,41,1013.7
2020-10-28 09:00:00,30.8,21,1011.2
2020-10-28 12:00:00,26.0,35,1010.9
2020-10-29 03:00:00,17.6,72,1015.7
2020-10-29 06:00:00,27.4,33,1015.2
2020-10-29 09:00:00,29.2,27,1012.7
2020-10-29 12:00:00,25.4,43,1012.8
2020-10-30 03:00:00,18.4,66,1015.9
2020-10-30 06:00:00,27.6,27,1014.7
2020-10-30 09:00:00,30.0,21,1012.0
2020-10-30 12:00:00,26.2,29,1011.3
2020-10-31 03:00:00,20.0,62,1014.9
2020-10-31 06:00:00,28.6,20,1014.1
2020-10-31 09:00:00,30.0,15,1011.9
2020-10-31 12:00:00,25.8,24,1011.4
2020-11-01 03:00:00,17.6,62,1015.2
2020-11-01 06:00:00,27.6,26,1014.6
2020-11-01 09:00:00,30.0,19,1012.4
2020-11-01 12:00:00,26.2,28,1011.6
2020-11-02 03:00:00,17.6,58,1015.6
2020-11-02 06:00:00,27.0,37,1015.7
2020-11-02 09:00:00,28.6,24,1013.6
2020-11-02 12:00:00,26.2,27,1012.8
2020-11-03 03:00:00,15.8,77,1015.9
2020-11-03 06:00:00,25.2,37,1014.9
2020-11-03 09:00:00,28.2,25,1012.6
2020-11-03 12:00:00,25.6,37,1011.9
2020-11-04 03:00:00,16.8,76,1014.5
2020-11-04 06:00:00,26.6,33,1013.1
2020-11-04 09:00:00,29.4,20,1010.3
2020-11-04 12:00:00,26.6,25,1009.9
2020-11-05 03:00:00,18.2,62,1013.9
2020-11-05 06:00:00,27.8,25,1014.1
2020-11-05 09:00:00,30.0,15,1012.6
2020-11-05 12:00:00,25.4,35,1013.1
2020-11-06 03:00:00,17.0,74,1017.8
2020-11-06 06:00:00,28.2,24,1017.0
2020-11-06 09:00:00,29.6,18,1015.5
2020-11-06 12:00:00,25.4,24,1015.5
2020-11-07 03:00:00,17.2,65,1018.9
2020-11-07 06:00:00,27.4,24,1017.9
2020-11-07 09:00:00,29.2,18,1015.7
2020-11-07 12:00:00,26.0,25,1015.6
2020-11-08 03:00:00,13.8,80,1020.1
2020-11-08 06:00:00,24.8,39,1019.4
2020-11-08 09:00:00,27.4,33,1016.6
2020-11-08 12:00:00,24.8,41,1016.7
2020-11-09 03:00:00,13.6,87,1019.0
2020-11-09 06:00:00,26.0,38,1017.8
2020-11-09 09:00:00,28.0,23,1015.1
2020-11-09 12:00:00,24.0,45,1015.0
2020-11-10 03:00:00,16.0,75,1017.4
2020-11-10 06:00:00,25.0,38,1016.6
2020-11-10 09:00:00,28.8,23,1014.0
2020-11-10 12:00:00,25.0,43,1014.0
2020-11-11 03:00:00,12.2,91,1019.8
2020-11-11 06:00:00,24.4,45,1019.4
2020-11-11 09:00:00,28.2,35,1016.2
2020-11-12 03:00:00,15.4,87,1021.0
2020-11-12 06:00:00,25.0,47,1020.4
2020-11-12 09:00:00,27.0,32,1017.4
2020-11-12 12:00:00,23.2,42,1016.9
2020-11-13 03:00:00,13.6,84,1019.8
2020-11-13 06:00:00,23.8,42,1018.7
2020-11-13 09:00:00,27.0,30,1015.3
2020-11-13 12:00:00,22.6,40,1015.2
2020-11-14 03:00:00,14.6,78,1016.9
2020-11-14 06:00:00,22.2,49,1016.4
2020-11-14 09:00:00,25.0,37,1013.3
2020-11-14 12:00:00,21.8,55,1012.6
2020-11-15 03:00:00,16.6,70,1016.4
2020-11-15 06:00:00,22.8,47,1015.4
2020-11-15 09:00:00,25.6,36,1011.7
2020-11-15 12:00:00,19.4,72,1013.7
2020-11-16 03:00:00,15.6,87,1018.6
2020-11-16 06:00:00,18.6,75,1019.7
2020-11-16 09:00:00,21.0,59,1017.7
2020-11-16 12:00:00,18.2,71,1017.8
2020-11-17 03:00:00,14.8,81,1017.9
2020-11-17 06:00:00,21.6,50,1016.8
2020-11-17 09:00:00,23.8,43,1013.2
2020-11-17 12:00:00,20.4,56,1012.6
2020-11-18 03:00:00,13.6,79,1015.1
2020-11-18 06:00:00,21.6,37,1015.1
2020-11-18 09:00:00,22.8,37,1012.0
2020-11-18 12:00:00,19.4,48,1012.2
2020-11-19 03:00:00,10.2,95,1015.6
2020-11-19 06:00:00,20.0,36,1015.3
2020-11-19 09:00:00,22.2,30,1013.4
2020-11-19 12:00:00,18.2,45,1013.6
2020-11-20 03:00:00,14.8,70,1017.2
2020-11-20 06:00:00,21.2,38,1017.2
2020-11-20 09:00:00,22.6,30,1015.3
2020-11-20 12:00:00,19.6,38,1014.7
2020-11-21 03:00:00,13.8,56,1017.9
2020-11-21 06:00:00,19.0,32,1018.2
2020-11-21 09:00:00,21.4,27,1015.3
2020-11-21 12:00:00,18.6,34,1014.8
2020-11-22 03:00:00,10.4,70,1017.9
2020-11-22 06:00:00,20.2,24,1017.6
2020-11-22 09:00:00,21.4,27,1016.0
2020-11-22 12:00:00,19.0,31,1016.3
2020-11-23 03:00:00,13.8,75,1018.4
2020-11-23 06:00:00,18.0,64,1018.2
2020-11-23 09:00:00,21.4,41,1015.7
2020-11-23 12:00:00,18.0,58,1016.6
2020-11-24 03:00:00,14.0,84,1018.0
2020-11-24 06:00:00,21.6,45,1017.3
2020-11-24 09:00:00,21.6,49,1015.2
2020-11-24 12:00:00,19.6,60,1015.4
2020-11-25 03:00:00,14.6,84,1019.2
2020-11-25 06:00:00,17.2,70,1019.3
2020-11-25 09:00:00,18.6,62,1017.4
2020-11-25 12:00:00,17.0,64,1017.4
2020-11-26 03:00:00,13.6,93,1021.5
2020-11-26 06:00:00,19.0,65,1021.6
2020-11-26 09:00:00,22.4,47,1019.4
2020-11-26 12:00:00,19.2,60,1019.7
2020-11-27 03:00:00,14.8,70,1022.5
2020-11-27 06:00:00,23.4,38,1021.9
2020-11-27 09:00:00,25.0,31,1020.0
2020-11-27 12:00:00,21.0,46,1019.9
2020-11-28 03:00:00,13.6,69,1021.1
2020-11-28 06:00:00,21.2,36,1020.6
2020-11-28 09:00:00,25.2,28,1016.9
2020-11-28 12:00:00,21.4,50,1017.2
2020-11-29 03:00:00,12.0,76,1020.0
2020-11-29 06:00:00,22.2,45,1019.7
2020-11-29 09:00:00,23.2,37,1016.9
2020-11-29 12:00:00,20.6,50,1016.1
2020-11-30 03:00:00,10.6,87,1019.1
2020-11-30 06:00:00,22.0,45,1018.4
2020-11-30 09:00:00,24.0,33,1015.9
2020-11-30 12:00:00,20.6,47,1015.8
2020-12-01 03:00:00,12.0,85,1018.7
2020-12-01 06:00:00,22.2,42,1018.9
2020-12-01 09:00:00,25.0,32,1016.4
2020-12-01 12:00:00,21.0,57,1016.1
2020-12-02 03:00:00,13.0,84,1017.9
2020-12-02 06:00:00,23.0,39,1016.4
2020-12-02 09:00:00,25.6,29,1013.3
2020-12-02 12:00:00,22.2,45,1012.4
2020-12-03 03:00:00,12.2,91,1016.1
2020-12-03 06:00:00,21.8,50,1015.7
2020-12-03 09:00:00,24.0,45,1013.3
2020-12-03 12:00:00,22.0,57,1012.5
2020-12-04 03:00:00,10.0,92,1015.2
2020-12-04 06:00:00,21.2,60,1014.5
2020-12-04 09:00:00,23.4,54,1011.1
2020-12-04 12:00:00,20.8,65,1010.4
2020-12-05 03:00:00,15.0,78,1014.3
2020-12-05 06:00:00,21.4,56,1014.2
2020-12-05 09:00:00,24.0,49,1011.2
2020-12-05 12:00:00,20.0,69,1011.7
2020-12-06 03:00:00,13.6,91,1017.6
2020-12-06 06:00:00,22.2,58,1017.8
2020-12-06 09:00:00,24.2,52,1015.2
2020-12-06 12:00:00,21.0,75,1014.8
2020-12-07 03:00:00,16.2,87,1018.2
2020-12-07 06:00:00,23.6,45,1017.5
2020-12-07 09:00:00,25.4,39,1015.7
2020-12-07 12:00:00,22.0,50,1016.0
2020-12-08 03:00:00,14.6,82,1019.3
2020-12-08 06:00:00,21.8,56,1019.0
2020-12-08 09:00:00,25.2,36,1015.8
2020-12-08 12:00:00,21.4,56,1015.3
2020-12-09 03:00:00,14.8,89,1017.0
2020-12-09 06:00:00,23.8,42,1016.4
2020-12-09 09:00:00,22.8,47,1014.7
2020-12-09 12:00:00,19.4,60,1014.0
2020-12-10 03:00:00,15.2,83,1016.7
2020-12-10 06:00:00,21.6,53,1016.6
2020-12-10 09:00:00,24.0,45,1014.1
2020-12-10 12:00:00,20.6,56,1014.0
2020-12-11 03:00:00,14.4,89,1017.3
2020-12-11 06:00:00,23.4,49,1015.8
2020-12-11 09:00:00,25.0,50,1012.4
2020-12-11 12:00:00,22.8,59,1011.6
2020-12-12 03:00:00,13.0,91,1017.0
2020-12-12 06:00:00,19.6,65,1017.3
2020-12-12 09:00:00,21.6,59,1015.1
2020-12-12 12:00:00,19.0,74,1015.1
2020-12-13 03:00:00,11.6,95,1017.5
2020-12-13 06:00:00,12.2,93,1018.5
2020-12-13 09:00:00,12.8,84,1016.6
2020-12-13 12:00:00,12.2,83,1015.7
2020-12-14 03:00:00,11.4,85,1018.1
2020-12-14 06:00:00,12.4,77,1019.9
2020-12-14 09:00:00,13.2,73,1018.2
2020-12-14 12:00:00,12.4,74,1017.7
2020-12-15 03:00:00,10.0,82,1021.2
2020-12-15 06:00:00,13.6,64,1022.0
2020-12-15 09:00:00,15.8,57,1020.1
2020-12-15 12:00:00,13.8,69,1019.3
2020-12-16 03:00:00,7.0,100,1023.5
2020-12-16 06:00:00,9.2,95,1024.8
2020-12-16 09:00:00,11.6,76,1022.7
2020-12-16 12:00:00,8.2,86,1022.0
2020-12-17 03:00:00,6.8,91,1023.1
2020-12-17 06:00:00,10.8,68,1022.9
2020-12-17 09:00:00,14.4,57,1019.8
2020-12-17 12:00:00,11.6,69,1019.3
2020-12-18 03:00:00,3.6,100,1020.5
2020-12-18 06:00:00,14.0,41,1020.3
2020-12-18 09:00:00,17.0,28,1018.2
2020-12-18 12:00:00,14.2,36,1018.3
2020-12-19 03:00:00,8.6,78,1021.9
2020-12-19 06:00:00,17.0,25,1020.1
2020-12-19 09:00:00,19.2,28,1018.2
2020-12-19 12:00:00,14.8,44,1018.0
2020-12-20 03:00:00,8.0,86,1021.5
2020-12-20 06:00:00,19.4,24,1020.7
2020-12-20 09:00:00,21.2,25,1017.9
2020-12-20 12:00:00,17.8,39,1017.5
2020-12-21 03:00:00,7.0,91,1019.6
2020-12-21 06:00:00,17.8,53,1019.0
2020-12-21 09:00:00,22.2,22,1015.7
2020-12-21 12:00:00,19.0,29,1015.3
2020-12-22 03:00:00,5.0,94,1019.5
2020-12-22 06:00:00,17.4,57,1018.8
2020-12-22 09:00:00,20.0,51,1015.4
2020-12-22 12:00:00,17.4,57,1014.2
2020-12-23 03:00:00,5.0,100,1018.8
2020-12-23 06:00:00,16.8,60,1017.9
2020-12-23 09:00:00,20.6,34,1014.8
2020-12-23 12:00:00,17.2,52,1013.7
2020-12-24 03:00:00,7.2,94,1017.5
2020-12-24 06:00:00,17.4,47,1017.4
2020-12-24 09:00:00,20.6,41,1015.0
2020-12-24 12:00:00,17.2,56,1014.5
2020-12-25 03:00:00,7.0,100,1019.6
2020-12-25 06:00:00,11.6,92,1019.7
2020-12-25 09:00:00,19.8,32,1016.2
2020-12-25 12:00:00,16.8,43,1015.9
2020-12-26 03:00:00,6.8,82,1018.3
2020-12-26 06:00:00,9.8,92,1018.7
2020-12-26 09:00:00,17.4,63,1015.5
2020-12-26 12:00:00,15.0,74,1015.0
2020-12-27 03:00:00,5.6,100,1016.2
2020-12-27 06:00:00,11.2,85,1014.7
2020-12-27 09:00:00,17.2,47,1010.2
2020-12-27 12:00:00,14.8,64,1009.5
2020-12-28 03:00:00,4.2,100,1019.3
2020-12-28 06:00:00,8.2,100,1020.6
2020-12-28 09:00:00,12.8,60,1018.7
2020-12-28 12:00:00,10.8,75,1018.0
2020-12-29 03:00:00,5.8,100,1020.3
2020-12-29 06:00:00,9.8,79,1021.8
2020-12-29 09:00:00,12.8,66,1018.7
2020-12-29 12:00:00,10.8,70,1018.0
2020-12-30 06:00:00,7.8,92,1021.6
2020-12-30 09:00:00,13.6,71,1019.6
2020-12-31 03:00:00,4.4,100,1021.5
2020-12-31 06:00:00,8.0,89,1021.0
2020-12-31 09:00:00,15.0,52,1018.2
2020-12-31 12:00:00,14.0,57,1017.2
